Operon Number,AO Score,Protein ID,Contig ID,Strand,Protein Length (nt),Start,End,Acr Homolog,With HTH,Pfam Annotation,Complete CRISPR-Cas and STSS,Operon in Prophage,Protein Sequence
SGO#22,5.129926143910014,NIPA01000046.1_104,NIPA01000046.1,-,186,102964,103149,,,,NIPA01000109.1|I-F|37665-45804|No_STSS,,MSRSAVILLFVVIASAILALSLPPEATLLAWCAWGLLGISGAWLLFALVVGRRIRFDPSLD*
SGO#22,5.129926143910014,NIPA01000046.1_105,NIPA01000046.1,-,147,103201,103347,,,,NIPA01000109.1|I-F|37665-45804|No_STSS,,MWILALPLTALALSVGVYGLLWLIERGGDEYPAKLPLSDKGATEPRRH*
SGO#22,5.129926143910014,NIPA01000046.1_106,NIPA01000046.1,-,279,103437,103715,,,,NIPA01000109.1|I-F|37665-45804|No_STSS,,MSSSRNLVGTGLLSLLALVVFQNSALGDEDRTQERNGERPVVLDSNATPQWAPAAQQLVIQAPDESPRIVTVGEDERGTALVTAADEQAWTF*
SGO#22,5.129926143910014,NIPA01000046.1_107,NIPA01000046.1,-,519,103908,104426,,,PF00583.28|Acetyltransf_1|3.5e-17|CL0257,NIPA01000109.1|I-F|37665-45804|No_STSS,,MNQTVAIPAAQDLPDAPRQPRIPDSPFASFDVRIASEHDAPRLSLLLQQLGSADPRPDPALLAIQLQRPRGDRVTLVAERGERLLGTCTLHLIEHLAHDFARSAILEDMVVDRHARGQGVGRELIGRAVERARSWGCYKLALSSHQDRETAQRFYAALGFTSHGVSLALHLG*
SGO#22,5.129926143910014,NIPA01000046.1_108,NIPA01000046.1,-,339,104673,105011,,,,NIPA01000109.1|I-F|37665-45804|No_STSS,,MKFGLFASTALFLLSVCALPALAANSPCSGKKGGIAGCDGDIFLCNDGSISASKRSCAAYFGNAGGRTGQPAVQRLQGTTQGCACGSGSFCTGPRGGVYCLTPGGKKSYRRK*
SGO#24,3.960770482474413,NIPA01000050.1_54,NIPA01000050.1,+,501,55828,56328,,,PF03168.16|LEA_2|1.5e-21|CL0159,NIPA01000109.1|I-F|37665-45804|No_STSS,,MRLPANLGRLLPALCLGVLLSACSTFGQRDPLRIDLVGLEPLPGQGMEMRFMVKLRVQNPNDEPIEYNGIALDLDVNGQPLASGVSDQTGEVPRFGERVVSVPLTVSAFSAFRQAWGLSNNAPTRGMPYVVKGKLAGGLFGTVRFSEKGTLDFSGPAVGAPKTKGL*
SGO#24,3.960770482474413,NIPA01000050.1_55,NIPA01000050.1,+,342,56401,56742,,,PF08274.15|YjdM_Zn_Ribbon|4.4e-17|CL0167;PF08063.15|PADR1|0.65|CL0306;PF14446.9|Prok-RING_1|0.097|CL0229;PF10080.12|FtrD-like|0.15|No_clan;PF03831.17|YjdM|7.8e-33|CL0010,NIPA01000109.1|I-F|37665-45804|No_STSS,,MSTLPPCPQCNSEYTYEDGALLVCPECAHEWSPNEAATASDDGKVIKDSVGNVLQDGDTITVIKDLKVKGSSLVVKVGTKVKNIRLVDGDHDIDCKIDGIGAMKLKSEFVRKV*
SGO#25,5.105596557720066,NIPA01000059.1_1,NIPA01000059.1,+,321,156,476,,,PF19723.2|DUF6216|0.18|No_clan;PF01757.25|Acyl_transf_3|0.016|CL0316;PF19744.2|DUF6232|0.0042|No_clan;PF19545.2|DUF6069|0.03|No_clan;PF14927.9|Neurensin|0.44|No_clan,NIPA01000109.1|I-F|37665-45804|No_STSS,,MKLSDSFDARRLRPRRPRVWRWRLAAAFAALVASLGVLLSLAGTSALIGRQPAVGMLHIEPAAGGVLLALGLLSLCLGVFFWRFSRRRSRRNSDLSLSPNLMKKRD*
SGO#25,5.105596557720066,NIPA01000059.1_2,NIPA01000059.1,+,558,533,1090,,,PF10664.12|NdhM|0.13|No_clan;PF01713.24|Smr|2.5e-21|No_clan,NIPA01000109.1|I-F|37665-45804|No_STSS,,MQDDDFSLFKSEMRGVKRISVDRADTGKPRNDRQQLKQRQLNASVRNDEIRVDGLSDQFVIDVGPEDELSWARDGVQESQLRKLKQGLVPFDGSLDLHGMSVEKARQTLWDFLAEATRLEIRCVRVTHGKAARKDGRSPLVKSHVNTWLRQHPQVLGFTSCLPRHGGTGSVYVMLRRTMLEGRDE*
SGO#25,5.105596557720066,NIPA01000059.1_3,NIPA01000059.1,+,546,1168,1713,,,PF01227.25|GTP_cyclohydroI|4.4e-76|CL0334,NIPA01000109.1|I-F|37665-45804|No_STSS,,MSLEQHYSSILTQLGEDVNREGLLDTPKRAAKAMKYLCRGYQQSLEEVVNGALFSSDNSEMVLVKDIELYSLCEHHLLPFIGKAHVAYIPNGKVLGLSKVARIVDMYARRLQIQENMSRQIAEAVQQVTGALGVAVVIQAQHMCMMMRGVEKQNSSMVTSVMLGEFRDNAATRSEFLSLIR*
SGO#30,4.047920658193313,NIPA01000068.1_127,NIPA01000068.1,-,399,135138,135536,,,PF06983.16|3-dmu-9_3-mt|1.7e-32|CL0104,NIPA01000109.1|I-F|37665-45804|No_STSS,,MSARVRPFLMFQGVQAEAAMNFYLSLFDDAEILQIQRYGAEGPGPEGSVLKALFRLGDQSVHCIDSHVRHAFDFTPAFSFFVDCESNAQIERLAEALSDGGKALMPLGDYGFSQRFAWLADRFGVSWQLNLA*
SGO#30,4.047920658193313,NIPA01000068.1_128,NIPA01000068.1,-,564,135574,136137,,HTH_3,PF01381.25|HTH_3|7.2e-13|CL0123;PF07883.14|Cupin_2|1.2e-07|CL0029,NIPA01000109.1|I-F|37665-45804|No_STSS,,MPNPTERPSVLEHVSGNVRRLRLQAGLSQEALARAASVSRRMLVGIESGDVNVSLSTLDRIAAALGVLFPDLVQAPATDRSRINAVAWVGHHPESRATLLASAPARREVELWAWSLGPGERYVSEPDAAGWREMVLVIEGRLRLELADGERRIEAGDFHAFASDQPYAYVNDGDGDEVVRFIRNVVS*
SGO#43,4.186076835019281,NIPA01000018.1_404,NIPA01000018.1,-,342,397241,397582,,,,NIPA01000109.1|I-F|37665-45804|No_STSS,,MNKSLDSDSITTAIMALRRLRDTHPEQYRELLPLCASGLVETLVGQSDGDDRRKAETQSETIARWTWLQLLGWAQNNSLSQQQIESLYSIVEGIRSCRPLMQERARLLQLARG*
SGO#43,4.186076835019281,NIPA01000018.1_405,NIPA01000018.1,-,345,397579,397923,,HTH_3,PF13560.9|HTH_31|3.3e-07|CL0123;PF10047.12|DUF2281|0.063|CL0136,NIPA01000109.1|I-F|37665-45804|No_STSS,,MLGTRLKAARIRAGYSQKQLGMLVGMDEFSASARMNQYERERHSPNMRTSEQLAMVLQVPMAYLYCPEDELAELILKVSSLTPEFKKELTRFIEQLLAAQGSTSRQPVRTRSEL*
SGO#64,5.350475862274779,NIPA01000102.1_223,NIPA01000102.1,-,120,254568,254687,,,,NIPA01000109.1|I-F|37665-45804|No_STSS,,MHARELRETLVAGAESTPGGPADTAYFESLRSRVSKPQD*
SGO#64,5.350475862274779,NIPA01000102.1_224,NIPA01000102.1,-,576,254720,255295,,,PF04229.17|GrpB|3.5e-49|CL0260,NIPA01000109.1|I-F|37665-45804|No_STSS,,MSSPQPPRFDGQRWSNADDDRIEVLPADPAWPQHFAAEAEAIRTALALPGLGIEHVGSTAVPGLDAKPIIDILLLPPPGHDPQRLVAPLEGLGYQFWRENPNTQRMFFVKGMPPFGHGRTHHVHVMPLAQADRYLLFRDWLRNHPDDARLYAETKHALARRYPTDREAYTRGKDEVVARILGRALAATRTQ*
SGO#64,5.350475862274779,NIPA01000102.1_225,NIPA01000102.1,-,468,255412,255879,,,PF01597.22|GCV_H|4.5e-24|CL0105,NIPA01000109.1|I-F|37665-45804|No_STSS,,MSANLHGLEFPDGLFYAPDYNLWLREEVDGSLTLGLSAYGCALYGEIFAFTPKRDGWHIERDRSFGVVEFAKAASSARSPLAGTLLASNPAVVKRPALINRDCYGEGWMVRLQPDDWASARSAFLQGDAAREAFAERMRLDGFDPQHPGVQALDF*
SGO#64,5.350475862274779,NIPA01000102.1_226,NIPA01000102.1,-,378,255876,256253,,,PF02635.18|DrsE|2.1e-16|CL0394,NIPA01000109.1|I-F|37665-45804|No_STSS,,MNPDTHAQRVLIIVSSGPSTPARCAAPFHTATLLACMDAEVTLFLSGEGVQLARRAVADQLRALDGGEPLRHFIRQAREAGARLLMCRQPGVNIDESELIEELDEISSGGELARLILESERVLTL*
SGO#64,5.350475862274779,NIPA01000102.1_227,NIPA01000102.1,-,483,256243,256725,,,PF00583.28|Acetyltransf_1|6.3e-11|CL0257,NIPA01000109.1|I-F|37665-45804|No_STSS,,MQLSHRPAETGDLETVAGFPQDRDELFYCYPKAIWPFSVAQLAAAIAERRGSTVAVHDGQVLGFANFYQWQHGDFCALGNMMVAPAARGLGVARYLIGVMENLAREQYKARLMKISCFNANAAGLLLYTQLGYQPRAIAERHDPDGRRVALIQMDKPLEP*
SGO#64,5.350475862274779,NIPA01000102.1_228,NIPA01000102.1,-,564,256727,257290,,,PF13590.9|DUF4136|4.4e-29|No_clan,NIPA01000109.1|I-F|37665-45804|No_STSS,,MIRRILLLGLLLSLAACETTQLDRDFDSSRDFAAYRSWSWSQPAFEYRPDDPRIKSDLTEQRIREAVAQQLDQRGLRPAQGNARGDVTVRAYLIVDDRQDQITTNYGGGYWGGYWGGYWGGPAMAETRTVNYKVATLQVDLFDGKDGKLVWRGSGEQIMRTSPPSPAEREQAIRETVQKVMSQYPPR*
SGO#98,4.768544744065954,NIPA01000040.1_233,NIPA01000040.1,-,336,239966,240301,,,PF07371.15|DUF1490|0.072|No_clan,NIPA01000109.1|I-F|37665-45804|No_STSS,NIPA01000040.1:239159-268851,MKLQAWRKTAGAAIFGRCSRKAQVVQVVQVLGLVFALAGCAGRQDAEPRTVRVEVPVAVPCRAPAVEVPAWAAAGLKKSDDLQTKVRALLAERRQRIGYEAQLLAANQACQ*
SGO#98,4.768544744065954,NIPA01000040.1_234,NIPA01000040.1,-,369,240298,240666,,,PF19012.3|DUF5741|0.0086|No_clan,NIPA01000109.1|I-F|37665-45804|No_STSS,NIPA01000040.1:239159-268851,MISARVISIALACLLLVGLGAAGGVWLGARHYRPQLDAASADLVACRAARGSLEATVAEQVRQVAALRLAGEQRARGAAQAVDRGRQQAAEQYAGAQRLLRERTAGEQCAAAEAVIDQELGL*
SGO#98,4.768544744065954,NIPA01000040.1_235,NIPA01000040.1,-,435,240663,241097,,,PF00959.22|Phage_lysozyme|5.2e-24|CL0037,NIPA01000109.1|I-F|37665-45804|No_STSS,NIPA01000040.1:239159-268851,MRTSQRGIDLIKSFEGLRLSAYQDSVGVWTIGYGTTRGVTRYMTITVEQAERMLANDIQRFEPELDKLVKVPLNQNQWDALMSFVYNLGAANLASSTLLKLLNKGDYQGAADQFPRWVNAGGKRLEGLVKRRAAERALFLEPLS*
SGO#98,4.768544744065954,NIPA01000040.1_236,NIPA01000040.1,-,168,241166,241333,,,,NIPA01000109.1|I-F|37665-45804|No_STSS,NIPA01000040.1:239159-268851,MNRRPILLKVKDWLEVKMPTSHFLNFCIGVSLLILACGAAAWLSSPVLLVILAGS*
SGO#98,4.768544744065954,NIPA01000040.1_237,NIPA01000040.1,-,333,241428,241760,,,PF08797.14|HIRAN|4.3e-12|No_clan,NIPA01000109.1|I-F|37665-45804|No_STSS,NIPA01000040.1:239159-268851,MQYSVIVTGTGFEGRSGRIRLAVRPGMEVKLVPEPDNPHDPNAIAVYVHVRRWFTLFLPTDVQIGYIKRDRAAFFTRKMKAGGRITKATVKSMYTALDHPRVSLSIETDW*
SGO#106,5.105596557720066,NIPA01000099.1_113,NIPA01000099.1,-,492,137846,138337,,,PF14415.9|DUF4424|0.047|CL0672;PF02556.17|SecB|2.7e-54|No_clan,NIPA01000109.1|I-F|37665-45804|No_STSS,,MTEQATNGAADEQQPQFSLQRIYLRDLSFESPKSPEIFRQEWNPSISLDLNTRQKQLDGDFYEVVLTVSVTVKNGEDTTAFIAEVQQAGIFLIKNLDPSSMSHTLGAFCPNILFPYAREALDNLVVRGSFPALMLSPVNFDALYAQEIARMQASGEIPTPSVQ*
SGO#106,5.105596557720066,NIPA01000099.1_114,NIPA01000099.1,-,255,138374,138628,,,PF00462.27|Glutaredoxin|1e-21|CL0172,NIPA01000109.1|I-F|37665-45804|No_STSS,,MPPVVIYTTAWCPYCIRAKQLLQRKGVDFQEIACDGKPELRAELARKAGSTTVPQIWIGETHVGGCDDLHALERAGKLDALLSA*
SGO#106,5.105596557720066,NIPA01000099.1_115,NIPA01000099.1,-,420,138630,139049,,,PF00581.23|Rhodanese|5.1e-11|CL0031,NIPA01000109.1|I-F|37665-45804|No_STSS,,MQFVSRLIEFATNHYLLVAALLVLLVLLLLHELRKGGKSLSTRELTALVNADQAVVLDIRPAKEFASGHIVDALNIPADKLNSRMTELEKYKGKTIILVDAMGQHSGTWGGVLKKAGFNAAKLSGGIGSWRGDNLPLVK*
SGO#108,9.826932804059286,NIPA01000047.1_1,NIPA01000047.1,-,339,2,340,,HTH_36,PF13730.9|HTH_36|3.9e-12|CL0123,NIPA01000109.1|I-F|37665-45804|No_STSS,NIPA01000047.1:340-14240,MSTIIMTQCWPLQGMSAPQKAVLISLADNSSDDGVCWPSVAKIAERTCLSERAVRNALRWLEDAKILISHQRNGRSTWYTVTPASYAPGTTCPPAPGAPRTLKKPTREPAVKA
SGO#108,9.826932804059286,NIPA01000047.1_2,NIPA01000047.1,-,597,337,933,,,PF10544.12|T5orf172|4.5e-12|CL0418,NIPA01000109.1|I-F|37665-45804|No_STSS,NIPA01000047.1:340-14240,MNYGFIYCLGNAAMPGIYKIGMTERAPLQRCDELSSSTSSPLPFKLLCFGQVEDPKDVEAEIHDGLADRRVNHSREFFAGPFKSIASIIQGYSSGFALTSDGYEEEEKERLHNAFLCAEAAERVEALNEAAKFSGIYMYQKDGQIWYRGRANPNSWLYGAIICLRGELLGFVPEKDPGASAPQEQPSLVDEKEEELDW*
SGO#108,9.826932804059286,NIPA01000047.1_3,NIPA01000047.1,-,192,937,1128,,,PF00515.31|TPR_1|0.096|CL0020,NIPA01000109.1|I-F|37665-45804|No_STSS,NIPA01000047.1:340-14240,MRKHLTNTDYAAMANAAEELAGMGSSEWRRRYNKALSDYYRALSVRGSVAAESRVGKHNTQEA*
SGO#108,9.826932804059286,NIPA01000047.1_4,NIPA01000047.1,-,312,1128,1439,,,PF05269.14|Phage_CII|2.2e-10|CL0123,NIPA01000109.1|I-F|37665-45804|No_STSS,NIPA01000047.1:340-14240,MTASQLNAERDARAREFESLILNRLLSVGQKTVADAIGVSESTVSRWKEGEIERWCKVLALLELQVVPMSAQCHPSEYIQALKTLAELGLQAEKKRPGPLGWD*
SGO#108,9.826932804059286,NIPA01000047.1_5,NIPA01000047.1,-,198,1442,1639,,,PF14549.9|P22_Cro|1.1e-06|CL0123,NIPA01000109.1|I-F|37665-45804|No_STSS,NIPA01000047.1:340-14240,MNYEQALTHFGTGRAIAKALGVSPGRISQCKSEGGFSYQHQCVLEKASSGALQAREEDEPQRMAS*
SGO#111,4.407925584635637,NIPA01000027.1_52,NIPA01000027.1,-,360,45063,45422,,,PF07374.14|DUF1492|0.11|CL0123,NIPA01000109.1|I-F|37665-45804|No_STSS,NIPA01000027.1:19316-46128,MIKAIDEMLKLWAEEMHAPGSNGGGYAGGNLIAMLIASKGEVVRGHRGSRVILDRVAEVDRLVNRLPEELKNVVVEHYLNRDSFPEQKYRHCGCSRNTFYLRLHVAHQGIQDGLLRRVA*
SGO#111,4.407925584635637,NIPA01000027.1_53,NIPA01000027.1,-,201,45470,45670,,,PF01258.20|zf-dskA_traR|1.3e-13|CL0167,NIPA01000109.1|I-F|37665-45804|No_STSS,NIPA01000027.1:19316-46128,MADLADHANELVLARLDGLLAARPALAIRESAEDCEDCGEPIPQARRRAAPGCSRCIDCQDRHERR*
SGO#113,3.6904093065768837,NIPA01000027.1_184,NIPA01000027.1,-,516,174442,174957,,,PF13740.9|ACT_6|2e-11|CL0070;PF14257.9|DUF4349|0.025|No_clan;PF01842.28|ACT|5.6e-07|CL0070,NIPA01000109.1|I-F|37665-45804|No_STSS,,MDHLVLTVIATDHPGLVERIAQCIASHGGNWLESRMSRMAGQFAGILRVAVPAEGYDELVEGLQGLSSHGIRVLLAESGIEPVCNWKPIHLDLVGNDRPGIVRDITRLLAEHGVNLESLSTEVRPAPMSSEPLFHADALLAVPLTLSLDTLRERLEDLADDLMVELVLDAS*
SGO#113,3.6904093065768837,NIPA01000027.1_185,NIPA01000027.1,-,444,174989,175432,,,PF00583.28|Acetyltransf_1|1.5e-14|CL0257,NIPA01000109.1|I-F|37665-45804|No_STSS,,MPVHAASLADLADLVPLFSAYLDFYEVPAPEEQVRAFLAERLRQGDSTLFLARDAEARALGFVQLYPLFASLALRPSWLLSDLYVRPEARRRGVGEALMNQARGFAESMGACGLQLETAKTNHAGQSLYERLGYVRDEQFYTYWLQL*
SGO#114,4.407925584635637,NIPA01000027.1_213,NIPA01000027.1,-,525,204431,204955,,,PF05618.14|Zn_protease|9.1e-49|CL0129,NIPA01000109.1|I-F|37665-45804|No_STSS,,MKPVQSRRLAFAALLSLSFSSASCHAATEHWGWIEQSWLMPERMQAKAKLDTGALTSSLDARNIHRYRKDGERWVRFDVVLPTADSKAPVSVTFERKVLRLIKVRGAGGSDSRPVVAMDICLGAKLLREQFSLRDRGNMNYPVLLGRRTLEHLGAVDVSRTFTRKPTCSALAAQ*
SGO#114,4.407925584635637,NIPA01000027.1_214,NIPA01000027.1,-,210,205106,205315,,,PF00313.25|CSD|5.7e-29|CL0021,NIPA01000109.1|I-F|37665-45804|No_STSS,,MSRQNGTVKWFNETKGYGFITPESGPDVFVHFRAIEGNGFKTLAEGQKVSFEVVQGQKGMQAERVQVIN*
